2021年国产7.3分剧情片《盛夏未来》HD国语中字,magnet:?xt=urn:btih:bc435e9243481f9da2b424a03d51158a80785481&dn=[电影天堂www.dytt89.com]盛夏未来-2021_HD国语中字V2.mp4&tr=http://t.t789.me:2710/announce&tr=http://t.t789.co:2710/announce&tr=http://t.t789.vip:2710/announce
2021年美国6.6分奇幻冒险片《丛林奇航》BD英语中字,magnet:?xt=urn:btih:b2e11d76b404f96038be62f2780573e9442dd6f3&dn=[电影天堂www.dytt89.com]丛林奇航-2021_BD英语中字.mp4&tr=http://t.t789.me:2710/announce&tr=http://t.t789.co:2710/announce&tr=http://t.t789.vip:2710/announce
2021年中国香港7.5分动作犯罪片《怒火・重案》HD国粤双语中字,magnet:?xt=urn:btih:933ea1d7a3c8e0d8371b3b90751029b5402ef5af&dn=[电影天堂www.dytt89.com]怒火・重案-2021_4K国语中字.mp4&tr=http://t.t789.me:2710/announce&tr=http://t.t789.co:2710/announce&tr=http://t.t789.vip:2710/announce
2021年欧美7.7分喜剧科幻片《失控玩家》BD中英双字精译版,magnet:?xt=urn:btih:b88851e0f1a1601cb9ca801140474b368a9ee48a&dn=[电影天堂www.dytt89.com]失控玩家-2021_BD中英双字精译版.mp4&tr=http://t.t789.me:2710/announce&tr=http://t.t789.co:2710/announce&tr=http://t.t789.vip:2710/announce
2021年国产6.9分剧情灾难片《中国医生》HD国语中字,magnet:?xt=urn:btih:9795a6b6a3f3ade9f4bfc623527830a2588ce683&dn=[电影天堂www.dytt89.com]中国医生-2021_4K国语中字.mp4&tr=http://t.t789.me:2710/announce&tr=http://t.t789.co:2710/announce&tr=http://t.t789.vip:2710/announce
2021年泰国7.0分恐怖片《灵媒》HD韩版泰语中字,magnet:?xt=urn:btih:c5d7786cc256ebac33691199594512eeb3cc8b27&dn=[电影天堂www.dytt89.com]灵媒-2021_HD韩版泰语中字.mp4&tr=http://t.t789.me:2710/announce&tr=http://t.t789.co:2710/announce&tr=http://t.t789.vip:2710/announce
2020年国产8.3分纪录片《龙虎武师》HD国语中字,magnet:?xt=urn:btih:6ae9846168c4178a86e6b22d70deee895a0ac69d&dn=[电影天堂www.dytt89.com]龙虎武师-2020_HD国语中字.mp4&tr=http://t.t789.me:2710/announce&tr=http://t.t789.co:2710/announce&tr=http://t.t789.vip:2710/announce
2021年欧美7.0分悬疑惊悚片《密室逃生2》HD中英双字,magnet:?xt=urn:btih:f6492d09fbc4fd96a519f970a02bbcea320b1a17&dn=[电影天堂www.dytt89.com]密室逃生2-2021_HD中英双字.mp4&tr=http://t.t789.me:2710/announce&tr=http://t.t789.co:2710/announce&tr=http://t.t789.vip:2710/announce
2021年国产7.2分动画片《白蛇2：青蛇劫起》HD国语中字,magnet:?xt=urn:btih:a832bf067f9b88b7c73a0057532c514aebd55fc8&dn=[电影天堂www.dytt89.com]白蛇2：青蛇劫起-2021_HD国语中字.mp4&tr=http://t.t789.me:2710/announce&tr=http://t.t789.co:2710/announce&tr=http://t.t789.vip:2710/announce
2021年国产7.0分动作奇幻片《刺杀小说家》BD国粤双语中字,magnet:?xt=urn:btih:2696ff56629257f266d99dff381f811cd5684c87&dn=[电影天堂www.dytt89.com]刺杀小说家-2021_BD国粤双语中字.mp4&tr=http://t.t789.me:2710/announce&tr=http://t.t789.co:2710/announce&tr=http://t.t789.vip:2710/announce
2021年美国动作犯罪片《速度与激情9》BD国英双语中字,magnet:?xt=urn:btih:ff405fccb8f7453df8ac2af9c006866c99c83e49&dn=[电影天堂www.dytt89.com]速度与激情9-2021_BD国英双语中字.mp4&tr=http://t.t789.me:2710/announce&tr=http://t.t789.co:2710/announce&tr=http://t.t789.vip:2710/announce
2021年美国7.5分奇幻动画片《寻龙传说》BD国英双语中英双字,magnet:?xt=urn:btih:65c51f0fd74138fb0e8942d067bd736cdc500ebf&dn=[电影天堂www.dytt89.com]寻龙传说-2021_BD国英双语中英双字.mp4&tr=http://t.t789.me:2710/announce&tr=http://t.t789.co:2710/announce&tr=http://t.t789.vip:2710/announce
2021年国产奇幻动画片《西游记之再世妖王》HD国语中字,magnet:?xt=urn:btih:c957855662230d4e927f196ae25f50a406c0d871&dn=西游记之再世妖王-2021_HD国语中字.mp4&tr=http://t.t789.me:2710/announce&tr=http://t.t789.co:2710/announce&tr=http://t.t789.vip:2710/announce
2021年欧美7.0分动作犯罪片《人之怒》BD国英双语特效中英双字,magnet:?xt=urn:btih:41d394e533e9e0f0ffd46b7da41296f07aa4ce16&dn=[电影天堂www.dytt89.com]人之怒-2021_BD国英双语特效中英双字.mp4&tr=http://t.t789.me:2710/announce&tr=http://t.t789.co:2710/announce&tr=http://t.t789.vip:2710/announce
2021年美国8.3分喜剧动作片《X特遣队：全员集结》BD中英双字,magnet:?xt=urn:btih:491858f30daa9b0c727137f74244acecaabac5b9&dn=[电影天堂www.dytt89.com]X特遣队：全员集结-2021_BD特效中英双字.mp4&tr=http://t.t789.me:2710/announce&tr=http://t.t789.co:2710/announce&tr=http://t.t789.vip:2710/announce
2021年国产7.3分剧情片《盛夏未来》HD国语中字,jianpian://pathtype=url&path=ftp://a.gbl.114s.com:20320/3237/盛夏未来-2021_HD国语中字V2.mp4
2021年美国6.6分奇幻冒险片《丛林奇航》BD英语中字,jianpian://pathtype=url&path=ftp://a.gbl.114s.com:20320/5659/丛林奇航-2021_BD英语中字.mp4
2021年中国香港7.5分动作犯罪片《怒火・重案》HD国粤双语中字,jianpian://pathtype=url&path=ftp://a.gbl.114s.com:20320/6348/怒火・重案-2021_HD国粤双语中字.mp4
2021年欧美7.7分喜剧科幻片《失控玩家》BD中英双字精译版,jianpian://pathtype=url&path=ftp://a.gbl.114s.com:20320/5897/失控玩家-2021_BD中英双字精译版.mp4
2021年国产6.9分剧情灾难片《中国医生》HD国语中字,jianpian://pathtype=url&path=ftp://a.gbl.114s.com:20320/8686/中国医生-2021_HD国语中字.mp4
2021年泰国7.0分恐怖片《灵媒》HD韩版泰语中字,jianpian://pathtype=url&path=ftp://a.gbl.114s.com:20320/6298/灵媒-2021_HD韩版泰语中字.mp4
2020年国产8.3分纪录片《龙虎武师》HD国语中字,jianpian://pathtype=url&path=ftp://a.gbl.114s.com:20320/4379/龙虎武师-2020_HD国语中字.mp4
2021年欧美7.0分悬疑惊悚片《密室逃生2》HD中英双字,jianpian://pathtype=url&path=ftp://a.gbl.114s.com:20320/3977/密室逃生2-2021_HD中英双字.mp4
2021年国产7.2分动画片《白蛇2：青蛇劫起》HD国语中字,jianpian://pathtype=url&path=ftp://a.gbl.114s.com:20320/1731/白蛇2：青蛇劫起-2021_HD国语中字.mp4
2021年国产7.0分动作奇幻片《刺杀小说家》BD国粤双语中字,jianpian://pathtype=url&path=ftp://a.gbl.114s.com:20320/0411/刺杀小说家-2021_BD国粤双语中字.mp4
2021年美国动作犯罪片《速度与激情9》BD国英双语中字,jianpian://pathtype=url&path=ftp://a.gbl.114s.com:20320/0978/速度与激情9-2021_BD国英双语中字.mp4
2021年美国7.5分奇幻动画片《寻龙传说》BD国英双语中英双字,jianpian://pathtype=url&path=ftp://a.gbl.114s.com:20320/6719/寻龙传说-2021_BD国英双语中英双字.mp4
2021年国产奇幻动画片《西游记之再世妖王》HD国语中字,jianpian://pathtype=url&path=ftp://a.gbl.114s.com:20320/2971/西游记之再世妖王-2021_HD国语中字.mp4
2021年欧美7.0分动作犯罪片《人之怒》BD国英双语特效中英双字,jianpian://pathtype=url&path=ftp://a.gbl.114s.com:20320/7578/人之怒-2021_BD国英双语特效中英双字.mp4
2021年美国8.3分喜剧动作片《X特遣队：全员集结》BD中英双字,jianpian://pathtype=url&path=ftp://a.gbl.114s.com:20320/2988/X特遣队：全员集结-2021_BD特效中英双字.mp4
